serial_no,hours,status,warranty_limit,supplier
WO-0001,826.2,failed,1071.7,S-A
WO-0002,343.4,failed,1170.1,S-A
WO-0003,1367.6,right_censored,1367.6,S-A
WO-0004,1134.8,failed,1389.6,S-B
WO-0005,1399.7,right_censored,1399.7,S-A
WO-0006,1414.3,right_censored,1414.3,S-B
WO-0007,1145.4,right_censored,1145.4,S-B
WO-0008,1268.9,right_censored,1268.9,S-A
WO-0009,1327.0,right_censored,1327.0,S-B
WO-0010,1122.6,right_censored,1122.6,S-B
WO-0011,1229.0,failed,1432.3,S-B
WO-0012,1333.9,right_censored,1333.9,S-B
WO-0013,1345.3,right_censored,1345.3,S-B
WO-0014,1366.6,right_censored,1366.6,S-B
WO-0015,1092.9,right_censored,1092.9,S-A
WO-0016,1073.2,right_censored,1073.2,S-A
WO-0017,1169.8,failed,1378.9,S-A
WO-0018,803.0,failed,1148.2,S-B
WO-0019,676.3,failed,1332.2,S-A
WO-0020,1050.6,failed,1439.6,S-A
WO-0021,1069.6,right_censored,1069.6,S-B
WO-0022,1042.7,right_censored,1042.7,S-B
WO-0023,1107.2,failed,1181.2,S-B
WO-0024,1233.7,failed,1292.0,S-A
WO-0025,913.1,failed,1061.5,S-A
WO-0026,1115.2,failed,1432.3,S-B
WO-0027,1160.1,right_censored,1160.1,S-A
WO-0028,983.6,right_censored,983.6,S-A
WO-0029,980.7,right_censored,980.7,S-B
WO-0030,596.2,failed,1382.4,S-B
WO-0031,1413.1,right_censored,1413.1,S-B
WO-0032,1321.8,right_censored,1321.8,S-A
WO-0033,1015.2,right_censored,1015.2,S-A
WO-0034,1202.0,right_censored,1202.0,S-B
WO-0035,711.4,failed,1045.5,S-B
WO-0036,826.4,failed,1214.3,S-A
WO-0037,1214.4,right_censored,1214.4,S-B
WO-0038,818.1,failed,1163.2,S-A
WO-0039,749.3,failed,1449.7,S-A
WO-0040,1083.3,failed,1151.1,S-B
WO-0041,1006.5,right_censored,1006.5,S-B
WO-0042,1203.2,right_censored,1203.2,S-A
WO-0043,649.6,failed,1023.7,S-B
WO-0044,979.7,failed,1243.0,S-A
WO-0045,1227.2,failed,1370.1,S-B
WO-0046,1204.1,right_censored,1204.1,S-A
WO-0047,890.2,failed,1135.2,S-B
WO-0048,786.6,failed,1348.1,S-A
WO-0049,853.9,failed,1038.4,S-A
WO-0050,1034.9,failed,1418.0,S-A
WO-0051,904.1,failed,1030.1,S-B
WO-0052,987.6,failed,1213.1,S-A
WO-0053,622.5,failed,963.3,S-A
WO-0054,625.5,failed,1026.8,S-A
WO-0055,1166.4,right_censored,1166.4,S-A
WO-0056,794.6,failed,1321.2,S-B
WO-0057,1126.3,right_censored,1126.3,S-A
WO-0058,366.6,failed,1175.9,S-B
WO-0059,1333.5,failed,1447.4,S-B
WO-0060,1231.4,failed,1443.7,S-A
WO-0061,1020.6,right_censored,1020.6,S-B
WO-0062,649.6,failed,1279.3,S-A
WO-0063,1383.6,right_censored,1383.6,S-A
WO-0064,872.8,failed,1342.2,S-A
WO-0065,1198.5,right_censored,1198.5,S-A
WO-0066,1042.8,right_censored,1042.8,S-A
WO-0067,1092.3,failed,1413.2,S-B
WO-0068,1401.6,right_censored,1401.6,S-B
WO-0069,1116.5,failed,1356.0,S-A
WO-0070,1269.6,right_censored,1269.6,S-B
WO-0071,1357.5,failed,1422.9,S-B
WO-0072,1391.9,right_censored,1391.9,S-A
WO-0073,1297.1,right_censored,1297.1,S-B
WO-0074,1173.6,failed,1428.7,S-A
WO-0075,711.6,failed,1192.5,S-B
WO-0076,1053.2,right_censored,1053.2,S-B
WO-0077,994.4,failed,1034.2,S-A
WO-0078,1035.2,right_censored,1035.2,S-B
WO-0079,846.7,failed,1310.8,S-B
WO-0080,1309.6,right_censored,1309.6,S-A
WO-0081,1311.4,failed,1412.7,S-B
WO-0082,1217.6,right_censored,1217.6,S-B
WO-0083,1334.2,right_censored,1334.2,S-A
WO-0084,924.6,failed,985.1,S-A
WO-0085,499.0,failed,959.0,S-A
WO-0086,976.9,failed,1118.8,S-A
WO-0087,1259.1,right_censored,1259.1,S-A
WO-0088,1108.1,right_censored,1108.1,S-B
WO-0089,1018.9,failed,1074.7,S-A
WO-0090,1126.2,right_censored,1126.2,S-B
WO-0091,998.2,right_censored,998.2,S-A
WO-0092,1101.8,right_censored,1101.8,S-A
WO-0093,1000.0,right_censored,1000.0,S-B
WO-0094,1068.7,failed,1232.6,S-B
WO-0095,952.7,failed,1193.5,S-A
WO-0096,1031.6,right_censored,1031.6,S-B
WO-0097,924.0,failed,1266.8,S-A
WO-0098,702.9,failed,1250.9,S-B
WO-0099,1018.2,failed,1364.3,S-A
WO-0100,1229.9,right_censored,1229.9,S-A
WO-0101,959.2,failed,1388.1,S-B
WO-0102,1367.0,right_censored,1367.0,S-A
WO-0103,1202.2,right_censored,1202.2,S-A
WO-0104,1122.3,right_censored,1122.3,S-B
WO-0105,555.7,failed,980.5,S-A
WO-0106,931.3,failed,1423.3,S-A
WO-0107,983.6,right_censored,983.6,S-A
WO-0108,1056.0,failed,1445.0,S-B
WO-0109,1131.8,right_censored,1131.8,S-B
WO-0110,928.4,failed,1140.1,S-B
WO-0111,1058.9,right_censored,1058.9,S-A
WO-0112,1129.0,right_censored,1129.0,S-B
WO-0113,1100.9,failed,1342.9,S-B
WO-0114,969.5,right_censored,969.5,S-B
WO-0115,1268.7,failed,1387.6,S-A
WO-0116,1180.8,right_censored,1180.8,S-B
WO-0117,852.9,failed,1006.4,S-A
WO-0118,808.2,failed,1090.8,S-A
WO-0119,1241.0,failed,1405.4,S-A
WO-0120,1446.0,right_censored,1446.0,S-A
WO-0121,1325.8,failed,1448.6,S-B
WO-0122,1304.3,right_censored,1304.3,S-A
WO-0123,844.8,failed,1354.4,S-A
WO-0124,382.9,failed,1340.3,S-A
WO-0125,858.4,failed,1220.1,S-A
WO-0126,1091.1,right_censored,1091.1,S-B
WO-0127,1024.6,failed,1414.9,S-A
WO-0128,1003.6,right_censored,1003.6,S-B
WO-0129,837.3,failed,1389.4,S-A
WO-0130,1148.8,right_censored,1148.8,S-A
WO-0131,1060.9,failed,1392.2,S-A
WO-0132,1035.3,right_censored,1035.3,S-B
WO-0133,1103.6,right_censored,1103.6,S-A
WO-0134,1043.2,right_censored,1043.2,S-B
WO-0135,1133.8,right_censored,1133.8,S-A
WO-0136,1144.0,failed,1359.9,S-B
WO-0137,191.4,failed,1264.5,S-A
WO-0138,1089.8,right_censored,1089.8,S-A
WO-0139,762.8,failed,1108.9,S-A
WO-0140,1046.6,right_censored,1046.6,S-A
WO-0141,928.4,failed,981.9,S-A
WO-0142,1114.7,right_censored,1114.7,S-B
WO-0143,990.2,right_censored,990.2,S-B
WO-0144,931.1,failed,1346.4,S-B
WO-0145,504.4,failed,1420.6,S-B
WO-0146,966.4,right_censored,966.4,S-A
WO-0147,1187.3,right_censored,1187.3,S-A
WO-0148,1046.1,right_censored,1046.1,S-B
WO-0149,1349.2,right_censored,1349.2,S-B
WO-0150,987.7,failed,1406.9,S-B
WO-0151,1043.4,failed,1449.8,S-A
WO-0152,944.8,failed,1245.1,S-B
WO-0153,1319.2,right_censored,1319.2,S-A
WO-0154,994.1,failed,1075.1,S-B
WO-0155,782.9,failed,1256.9,S-B
WO-0156,1230.8,right_censored,1230.8,S-B
WO-0157,944.2,failed,1247.5,S-B
WO-0158,827.7,failed,1082.8,S-A
WO-0159,1168.5,failed,1296.2,S-A
WO-0160,1015.1,right_censored,1015.1,S-A
