system,event_time,maintenance_epoch,event_order
PM-01,0.34,before_pm,1
PM-01,17.36,before_pm,2
PM-01,42.13,before_pm,3
PM-01,48.91,before_pm,4
PM-01,53.67,before_pm,5
PM-01,77.43,before_pm,6
PM-01,150.94,before_pm,7
PM-01,203.98,before_pm,8
PM-01,276.57,before_pm,9
PM-01,291.84,before_pm,10
PM-01,384.78,before_pm,11
PM-01,677.7,after_pm,12
PM-01,768.97,after_pm,13
PM-02,19.5,before_pm,1
PM-02,27.83,before_pm,2
PM-02,77.22,before_pm,3
PM-02,85.95,before_pm,4
PM-02,171.17,before_pm,5
PM-02,328.0,before_pm,6
PM-02,555.68,after_pm,7
PM-02,821.1,after_pm,8
PM-02,839.59,after_pm,9
PM-03,19.01,before_pm,1
PM-03,93.49,before_pm,2
PM-03,100.97,before_pm,3
PM-03,148.54,before_pm,4
PM-03,152.71,before_pm,5
PM-03,253.11,before_pm,6
PM-03,290.03,before_pm,7
PM-03,291.0,before_pm,8
PM-03,293.86,before_pm,9
PM-03,367.7,before_pm,10
PM-03,378.07,before_pm,11
PM-03,422.59,after_pm,12
PM-03,589.79,after_pm,13
PM-03,606.17,after_pm,14
PM-03,649.01,after_pm,15
PM-03,855.84,after_pm,16
PM-03,856.15,after_pm,17
PM-04,168.12,before_pm,1
PM-04,186.35,before_pm,2
PM-04,281.05,before_pm,3
PM-04,324.24,before_pm,4
PM-04,468.19,after_pm,5
PM-04,499.03,after_pm,6
PM-04,549.0,after_pm,7
PM-04,642.09,after_pm,8
PM-04,645.64,after_pm,9
PM-04,657.24,after_pm,10
PM-04,698.1,after_pm,11
PM-04,714.35,after_pm,12
PM-04,762.14,after_pm,13
PM-05,3.0,before_pm,1
PM-05,14.61,before_pm,2
PM-05,17.68,before_pm,3
PM-05,32.46,before_pm,4
PM-05,69.78,before_pm,5
PM-05,105.37,before_pm,6
PM-05,281.74,before_pm,7
PM-05,294.61,before_pm,8
PM-05,327.46,before_pm,9
PM-05,347.16,before_pm,10
PM-05,452.61,after_pm,11
PM-05,572.91,after_pm,12
PM-05,621.47,after_pm,13
PM-05,625.72,after_pm,14
PM-05,716.93,after_pm,15
PM-05,796.33,after_pm,16
PM-05,887.65,after_pm,17
PM-06,16.91,before_pm,1
PM-06,21.65,before_pm,2
PM-06,31.35,before_pm,3
PM-06,61.25,before_pm,4
PM-06,74.92,before_pm,5
PM-06,235.55,before_pm,6
PM-06,289.47,before_pm,7
PM-06,338.44,before_pm,8
PM-06,351.17,before_pm,9
PM-06,374.15,before_pm,10
PM-06,519.32,after_pm,11
PM-06,680.69,after_pm,12
PM-06,744.28,after_pm,13
PM-06,772.39,after_pm,14
PM-06,884.14,after_pm,15
